channel_id,user_id,ts,thread_ts,text,url,image_name,image_url
C05U9D2T2NP,U05RZKPRMBN,1698218185.199199,,test,,,
C05U9D2T2NP,U05RX3M7P27,1697908337.199199,,aiueo,,,
C05U9D2T2NP,U05RZKPRMBN,1698118585.199199,,kakikuke,,,
C05U9D2T2NP,U05RZKPRMBN,1697983475.199199,,test,,,
C05U9D2T2NP,U05RZKPRMBN,1697751778.199199,,akasatana,,,
C05U9D2T2NP,U05RZKPRMBN,1697603084.199199,,eeeeee,,,
C05U9D2T2NP,U05RX3M7P27,1697853334.199199,,今日の,,,
C05U9D2T2NP,U05RX3M7P27,1698107511.199199,,天気は,,,
C05U9D2T2NP,U05RX3M7P27,1698015612.199199,,はれです,,,
C05U9D2T2NP,U05RZKPRMBN,1697594273.199199,,あいうえお,,,
C05U9D2T2NP,U05RZKPRMBN,1698003208.199199,,最近忙しい,,,
C05U9D2T2NP,U05RZKPRMBN,1697766568.199199,,testtest,,,
C05U9D2T2NP,U05RZKPRMBN,1697807838.199199,,New entry 1,,,
C05U9D2T2NP,U05RX3M7P27,1697852555.199199,,New entry 2,,,
C05U9D2T2NP,U05RZKPRMBN,1698187786.199199,,New entry 3,,,
C05U9D2T2NP,U05RZKPRMBN,1698110142.199199,,New entry 4,,,
C05U9D2T2NP,U05RZKPRMBN,1697589938.199199,,New entry 5,,,
C05U9D2T2NP,U05RZKPRMBN,1697606235.199199,,New entry 6,,,
C05U9D2T2NP,U05RX3M7P27,1697627872.199199,,New entry 7,,,
C05U9D2T2NP,U05RX3M7P27,1698214364.199199,,New entry 8,,,
C05U9D2T2NP,U05RZKPRMBN,1698200508.199199,,New entry 9,,,
C05U9D2T2NP,U05RZKPRMBN,1697912743.199199,,New entry 10,,,
C05U9D2T2NP,U05RX3M7P27,1698252558.199199,,New entry 11,,,
C05U9D2T2NP,U05RX3M7P27,1697678288.199199,,New entry 12,,,
C05U9D2T2NP,U05RZKPRMBN,1697842363.199199,,New entry 13,,,
C05U9D2T2NP,U05RZKPRMBN,1697989366.199199,,New entry 14,,,
C05U9D2T2NP,U05RX3M7P27,1697593131.199199,,New entry 15,,,
C05U9D2T2NP,U05RX3M7P27,1698242856.199199,,New entry 16,,,
C05U9D2T2NP,U05RZKPRMBN,1697812534.199199,,New entry 17,,,
C05U9D2T2NP,U05RZKPRMBN,1698046980.199199,,New entry 18,,,
